Category,Distance,Title,Phone,Address
Tattoos Cosmetic Services Body Piercing,0.6 miles,Screaming Ink Tattoo And Body Piercing,(561) 844-7172,1710 45th St
Tattoos Clothing Stores,,Bodycandy.com,(877) 829-5191,
Tattoos Body Piercing,1.1 miles,PJM Inc,(561) 840-0091,2100 45th St
Tattoos Body Piercing Jewelry Designers,,Bodyjewelry.com,,
Tattoos Body Piercing,1.8 miles,Ink Factory,(561) 612-7464,1561 Blue Heron Blvd W
Tattoos Body Piercing,2.7 miles,Living Legacy Tattoo,(561) 671-4650,905 N Dixie Hwy
Tattoos Body Piercing,3 miles,Hellcat Tattoo,(561) 659-2900,1896 Palm Beach Lakes Blvd
Tattoos Body Piercing,2.9 miles,Guru Worldwide Enterprises Inc,(561) 328-7126,1271 Blue Heron Blvd E
Tattoos Body Piercing,3.2 miles,Water Street Tattoo,(561) 841-6634,330 Clematis St
Tattoos,3.3 miles,Dog Inc Studios,(561) 507-5727,221 S Olive Ave
Tattoos Body Piercing,3.8 miles,Big Boys Tattoo Inc,(561) 508-2930,2695 N Military Trl
Tattoos Body Piercing,3.6 miles,Inksters Tattoo,(561) 881-8287,505 Northlake Blvd Ste B
Tattoos,3.6 miles,Triton Tattoo,(561) 840-2020,9092 Highway A1a Alt
Tattoos,3.4 miles,Palmbeach Ink,(561) 249-2404,3095 N Military Trl
Tattoos,4.9 miles,Tattoo King,(561) 328-6731,1272 N Military Trl
Tattoos Body Piercing,5.5 miles,Ink Link Tattoos,(561) 712-9009,691 N Military Trl
Tattoos Body Piercing,4.5 miles,Ink Link Tattoos,(561) 712-9009,4738 Okeechobee Blvd
Tattoos Body Piercing,4.5 miles,Ritual Inking and Piercing Tattoos,(561) 814-5530,"4738 Okeechobee Blvd,"
Tattoos Body Piercing,5.2 miles,Think Ink Tattoo Company,(561) 249-6033,3230 S Dixie Hwy
Tattoos Body Piercing Jewelers,5.7 miles,Hellcat Tattoo,(561) 659-2900,4007 S Dixie Hwy
Tattoos Body Piercing,4.8 miles,Aces High Tattoo Inc,(561) 203-7627,600 S Entrada Way
Tattoos,5.3 miles,Aces High Tattoo Shop,(561) 615-9444,5946 Okeechobee Blvd
Tattoos Body Piercing,4.7 miles,Ink & Pistons,(561) 832-4655,2716 S Dixie Hwy Ste 101
Tattoos Body Piercing,6.5 miles,Outrageous Tattoos,(561) 683-4134,836 S Congress Ave
Tattoos Body Piercing,8 miles,Tattoo Paradise,(561) 318-7767,2072 S Military Trl # 6
Tattoos Body Piercing,6.6 miles,Guru Tattoo,(561) 540-3860,5814 S Dixie Hwy.
Tattoos Body Piercing Beauty Salons,7 miles,Outrageous Tattoes,(561) 683-4134,4551 Summit Blvd
Tattoos Body Piercing,6.8 miles,Tattoo Oasis,(561) 594-7357,3065 Florida Blvd
Tattoos Body Piercing,7.4 miles,A New Dimension Tattoo Inc.,(561) 366-7414,2930 Forest Hill Blvd Ste E
Tattoos Body Piercing,7.9 miles,Altered State Tattoo,(561) 585-4741,2402 N Dixie Hwy
